<?xml version="1.0" encoding="UTF-8" ?>
<!DOCTYPE mapper  PUBLIC "-//mybatis.org//DTD Mapper 3.0//EN"  "http://mybatis.org/dtd/mybatis-3-mapper.dtd">
<mapper namespace="cn.sensevision.app.device.dao.CameraDao">

    <select id="queryAll" parameterType="cn.sensevision.app.device.model.CameraModel" resultType="cn.sensevision.app.device.model.CameraModel">
        select
        DEVICEID as device_id,NAME,LONGITUDE,LATITUDE
        from CG28181INFO
        <set>
            <if test="device_id != null and device_id != ''">
                and DEVICEID = #{device_id}
            </if>
            <if test="name != null and name != ''">
                and NAME = #{name}
            </if>
            <if test="longitude != null and longitude != ''">
                and LONGITUDE = #{longitude}
            </if>
            <if test="latitude != null and latitude != ''">
                and LATITUDE = #{latitude}
            </if>
        </set>
        <where>
            (LONGITUDE is null or  LATITUDE is null) and length(DEVICEID)=37
        </where>
    </select>

    <update id="updateCamera" parameterType="cn.sensevision.app.device.model.CameraModel">
        update CG28181INFO
        <set>
            <if test="longitude != null and longitude != ''">
                LONGITUDE = #{longitude},
            </if>
            <if test="latitude != null and latitude != ''">
                LATITUDE = #{latitude},
            </if>

        </set>
        where DEVICEID = #{device_id}
    </update>

    <select id="pageQuery"  resultType="cn.sensevision.app.device.model.CameraModel">
        select
        DEVICEID as device_id,
        NAME,
        LONGITUDE,
        LATITUDE
        from CG28181INFO
        <set>
            <if test="device_id != null and device_id != ''">
                and DEVICEID = #{device_id}
            </if>
            <if test="name != null and name != ''">
                and NAME = #{name}
            </if>
            <if test="longitude != null and longitude != ''">
                and LONGITUDE = #{longitude}
            </if>
            <if test="latitude != null and latitude != ''">
                and LATITUDE = #{latitude}
            </if>
        </set>
        <where>
            (LONGITUDE is null or  LATITUDE is null) and length(DEVICEID)=37
        </where>
     </select>

</mapper>